,gender,religion,caste,mother_tongue,location,country,height_cm,age_of_marriage
0,1,2,34,6,153,19,14,32.0
1,1,1,14,8,56,5,14,32.0
2,0,1,36,8,295,5,7,30.0
3,1,0,13,13,410,5,12,30.0
4,1,1,38,8,124,5,12,29.0
5,0,1,28,8,221,5,9,28.0
6,1,1,11,20,155,5,12,30.0
7,0,2,34,6,441,5,12,35.0
8,0,1,12,25,60,5,8,32.0
9,1,1,14,2,414,5,16,32.0
10,1,1,39,23,446,5,17,28.0
11,0,1,1,15,295,5,8,30.0
12,0,0,23,13,245,5,9,31.0
13,0,1,2,1,30,5,10,28.0
14,0,1,11,8,124,5,10,28.0
15,1,1,6,2,138,5,11,29.0
16,0,0,30,8,295,5,10,31.0
17,1,1,2,1,222,5,16,29.0
18,1,2,34,8,441,5,13,35.0
19,0,1,14,15,339,19,10,29.0
20,0,1,1,15,351,5,11,28.0
21,1,1,22,9,381,19,17,34.0
22,0,1,18,1,30,5,9,29.0
23,1,1,37,6,295,5,16,32.0
24,1,1,14,15,295,5,18,32.0
25,1,1,31,8,374,5,13,27.0
26,0,1,7,2,60,5,10,29.0
27,0,1,31,8,266,5,15,26.0
28,0,3,24,8,63,5,13,26.0
29,0,1,14,8,259,5,10,30.0
30,0,1,22,9,297,5,0,31.0
31,1,1,0,20,416,0,15,30.0
32,1,1,12,25,295,5,18,28.0
33,0,1,0,20,327,5,13,27.0
34,1,1,31,8,374,5,14,27.0
35,1,1,28,8,60,5,16,30.0
36,1,1,28,8,5,5,15,31.0
37,0,1,26,8,232,5,7,30.0
38,0,2,34,8,6,5,8,35.0
39,1,1,5,2,396,5,8,30.0
40,0,1,17,1,395,5,24,29.0
41,1,0,23,13,248,5,17,33.0
42,1,1,14,8,124,5,14,32.0
43,1,1,1,15,295,5,16,31.0
44,0,1,35,22,180,5,11,28.0
45,0,1,28,8,16,5,9,27.0
46,0,1,7,2,244,5,8,27.0
47,1,1,40,24,419,5,13,29.0
48,0,1,27,5,142,20,12,30.0
49,0,2,34,16,397,5,16,35.0
50,0,1,27,6,6,5,11,29.0
51,0,1,5,2,397,5,9,28.0
52,0,1,33,8,295,5,6,34.0
53,1,4,21,20,345,5,18,30.0
54,0,1,28,8,295,5,7,29.0
55,0,0,23,13,295,5,10,32.0
56,0,0,23,13,107,19,11,29.0
57,0,0,13,23,113,5,10,30.0
58,0,0,23,13,124,5,10,31.0
59,1,1,14,15,364,5,17,30.0
60,1,1,18,1,179,5,14,28.0
61,1,1,17,18,321,5,12,31.0
62,0,1,7,8,174,5,12,27.0
63,0,1,1,15,351,5,10,30.0
64,1,1,35,22,124,5,15,27.0
65,0,4,29,20,289,5,9,30.0
66,0,0,30,11,60,5,12,30.0
67,0,4,20,20,318,5,12,31.0
68,0,2,34,8,124,5,9,32.0
69,0,1,25,1,179,5,11,29.0
70,1,1,17,1,173,5,2,31.0
71,1,1,17,18,118,5,15,28.0
72,1,1,27,6,413,5,4,31.0
73,1,1,14,24,60,5,18,33.0
74,1,1,35,22,244,5,14,27.0
75,1,1,35,22,271,5,14,27.0
76,1,0,30,23,113,5,17,31.0
77,0,1,38,8,124,5,12,27.0
78,0,1,9,8,124,5,11,35.0
79,1,1,15,18,67,5,13,30.0
80,1,4,29,20,332,5,13,30.0
81,0,4,20,20,415,3,10,29.0
82,1,1,8,24,24,5,0,31.0
83,0,0,13,8,345,5,10,31.0
84,0,1,33,13,248,5,8,32.0
85,1,1,12,25,278,5,15,30.0
86,0,1,26,6,23,5,8,30.0
87,1,1,6,2,273,5,12,29.0
88,0,1,3,20,31,19,10,32.0
89,0,1,14,24,203,5,9,28.0
90,0,1,39,23,431,5,9,29.0
91,1,1,35,22,125,5,12,29.0
92,1,1,14,8,456,5,13,30.0
93,0,1,11,20,124,5,11,29.0
94,0,1,2,1,222,5,11,28.0
95,1,1,14,24,203,5,13,33.0
96,0,1,35,22,60,5,11,27.0
97,1,1,6,2,244,5,10,29.0
98,0,1,40,24,313,5,12,27.0
99,0,1,19,2,244,5,13,34.0
100,0,1,37,6,344,5,12,31.0
101,0,1,22,9,57,5,10,30.0
102,0,1,14,15,307,5,7,28.0
103,0,4,16,20,22,5,13,29.0
104,0,1,40,24,203,5,9,27.0
105,0,1,40,24,203,5,10,26.0
106,0,1,40,24,66,5,14,27.0
107,0,1,39,23,295,5,8,28.0
108,1,4,20,20,91,5,19,33.0
109,1,1,17,18,38,5,18,28.0
110,0,1,5,2,456,5,0,27.0
111,0,1,0,16,295,5,12,30.0
112,0,1,3,20,403,5,10,33.0
113,0,1,12,25,278,5,8,30.0
114,0,0,13,23,60,5,15,32.0
115,0,1,19,2,60,5,9,34.0
116,1,4,29,20,209,5,13,31.0
117,1,1,36,8,362,5,10,30.0
118,1,1,36,8,205,5,17,30.0
119,1,2,34,16,124,5,16,34.0
120,1,1,37,6,441,5,15,30.0
121,0,1,14,15,441,5,6,29.0
122,1,1,4,24,452,5,18,30.0
123,1,1,25,8,34,5,12,26.0
124,0,1,35,22,295,5,8,30.0
125,0,1,27,8,75,5,0,29.0
126,1,1,14,2,244,5,19,30.0
127,1,1,25,1,139,5,19,26.0
128,0,1,17,18,328,5,7,28.0
129,1,4,16,20,6,5,18,33.0
130,1,1,14,15,344,5,12,31.0
131,0,4,16,20,267,5,10,30.0
132,0,1,7,2,60,5,11,26.0
133,1,1,7,1,15,19,1,28.0
134,1,1,10,6,295,5,10,33.0
135,0,1,25,16,295,5,8,27.0
136,1,1,33,8,99,5,11,32.0
137,1,1,11,20,22,5,19,28.0
138,0,1,35,22,344,5,10,29.0
139,1,1,8,24,3,5,17,29.0
140,0,1,14,8,214,5,10,31.0
141,0,1,33,20,372,5,6,34.0
142,1,1,28,8,438,5,12,28.0
143,1,1,35,22,295,5,18,29.0
144,0,1,8,24,24,5,12,26.0
145,0,1,5,2,432,3,11,29.0
146,0,1,32,8,155,5,8,27.0
147,0,0,30,11,278,5,11,31.0
148,0,1,1,15,271,5,1,29.0
149,1,1,37,6,295,5,13,30.0
150,1,1,9,8,295,5,13,35.0
151,0,1,36,8,230,5,13,29.0
152,0,1,28,8,60,5,15,30.0
153,1,1,36,8,399,5,7,29.0
154,1,1,3,20,155,5,16,36.0
155,1,1,14,18,346,5,15,32.0
156,0,1,11,22,142,20,9,29.0
157,0,1,38,8,125,5,10,28.0
158,0,1,14,24,452,5,8,30.0
159,1,1,22,9,60,5,13,32.0
160,0,4,29,20,53,5,14,31.0
161,0,1,4,1,124,5,6,25.0
162,0,2,34,6,295,5,8,34.0
163,1,1,38,8,124,5,14,28.0
164,0,4,20,20,124,5,11,28.0
165,0,1,33,15,295,5,13,34.0
166,0,1,3,20,155,5,9,33.0
167,0,3,24,8,203,5,9,26.0
168,1,1,14,2,324,10,19,33.0
169,0,1,19,2,60,5,7,34.0
170,1,1,14,16,295,5,15,30.0
171,1,1,14,2,60,5,13,30.0
172,0,1,6,1,60,5,10,27.0
173,0,1,4,24,60,5,11,25.0
174,0,4,21,20,267,5,10,29.0
175,0,1,0,20,285,0,15,29.0
176,1,1,15,24,231,5,14,29.0
177,0,1,9,8,124,5,7,35.0
178,1,1,33,9,60,5,15,34.0
179,0,1,31,4,215,5,11,28.0
180,0,1,6,2,17,5,5,25.0
181,0,1,5,2,244,5,15,26.0
182,0,1,26,6,127,5,7,30.0
183,1,1,36,8,295,5,16,28.0
184,0,4,16,20,332,5,10,29.0
185,1,0,30,13,60,5,16,31.0
186,1,1,40,24,203,5,16,29.0
187,0,1,22,9,202,5,7,29.0
188,1,1,18,1,99,5,18,31.0
189,1,1,25,6,70,5,11,29.0
190,1,1,35,22,230,5,15,30.0
191,1,1,28,8,282,5,11,28.0
192,1,2,34,6,58,19,16,35.0
193,0,1,8,9,60,5,0,26.0
194,1,1,15,24,203,5,20,29.0
195,1,1,11,6,166,5,8,30.0
196,1,1,26,6,6,5,14,29.0
197,1,1,33,8,275,5,12,33.0
198,0,1,14,2,295,5,11,30.0
199,1,1,35,22,124,5,13,28.0
200,1,1,28,8,218,5,12,28.0
201,0,1,5,2,244,5,9,28.0
202,1,4,16,20,345,5,16,32.0
203,1,1,17,18,118,5,12,31.0
204,1,1,27,8,353,5,16,34.0
205,0,1,14,2,93,19,8,31.0
206,1,3,24,2,439,5,0,28.0
207,0,1,26,6,6,5,7,27.0
208,1,4,20,20,267,5,18,32.0
209,1,1,27,6,6,5,18,31.0
210,1,1,1,15,351,5,16,30.0
211,1,1,17,18,60,5,17,31.0
212,1,1,1,15,295,5,9,30.0
213,0,1,32,8,178,5,9,27.0
214,0,1,10,15,295,5,13,32.0
215,0,1,33,18,60,5,11,31.0
216,1,1,14,8,333,5,13,30.0
217,1,1,15,18,244,5,13,29.0
218,1,1,14,15,344,5,18,30.0
219,0,1,35,8,352,5,10,29.0
220,0,1,2,1,173,5,19,27.0
221,1,1,28,8,16,5,11,31.0
222,1,1,3,8,60,5,15,33.0
223,1,1,39,23,233,5,17,28.0
224,1,1,0,20,332,5,15,33.0
225,0,1,25,8,5,5,8,27.0
226,1,1,22,9,77,5,18,33.0
227,1,1,3,8,267,5,15,34.0
228,1,1,35,22,413,5,14,28.0
229,1,1,37,6,142,20,16,31.0
230,0,1,9,8,124,5,9,36.0
231,1,1,6,2,44,5,7,27.0
232,0,1,27,6,413,5,5,28.0
233,1,1,26,8,144,5,18,29.0
234,1,1,15,8,219,5,13,29.0
235,1,1,33,6,443,3,13,34.0
236,0,4,29,20,198,5,11,29.0
237,1,2,34,8,127,5,13,35.0
238,1,0,13,24,203,5,11,32.0
239,1,1,14,11,103,5,15,32.0
240,0,1,7,2,43,5,0,28.0
241,1,1,22,9,122,5,14,33.0
242,0,1,3,8,124,5,9,31.0
243,0,1,38,8,123,5,10,30.0
244,1,2,34,8,355,5,16,33.0
245,0,1,22,9,449,5,4,29.0
246,1,1,14,15,344,5,13,30.0
247,1,1,14,2,344,5,13,30.0
248,1,1,36,8,266,5,14,28.0
249,1,4,29,20,290,5,18,30.0
250,1,1,14,15,421,19,15,30.0
251,1,1,27,8,358,5,18,32.0
252,1,0,30,5,407,19,14,31.0
253,1,1,14,6,413,5,21,32.0
254,1,1,1,15,271,5,19,28.0
255,1,1,14,24,203,5,19,33.0
256,0,1,36,8,266,5,11,29.0
257,0,1,2,1,124,5,9,27.0
258,0,1,37,6,295,5,12,30.0
259,0,2,34,8,244,5,7,33.0
260,1,1,32,8,124,5,12,31.0
261,1,2,34,6,344,5,14,33.0
262,1,3,24,8,104,5,15,27.0
263,0,1,39,23,60,5,11,30.0
264,0,1,31,8,75,5,11,29.0
265,0,1,36,8,169,5,11,27.0
266,1,2,34,16,344,5,13,32.0
267,1,4,16,20,124,5,15,30.0
268,1,1,27,8,80,5,11,34.0
269,1,1,33,6,23,5,15,34.0
270,1,4,16,20,212,5,17,32.0
271,1,1,18,1,136,5,13,28.0
272,0,1,2,1,179,5,13,27.0
273,0,1,12,9,253,5,8,29.0
274,0,1,15,24,24,5,3,28.0
275,0,1,8,24,24,5,7,29.0
276,0,1,35,22,295,5,11,27.0
277,1,1,10,11,172,5,14,30.0
278,1,1,14,8,146,5,14,33.0
279,0,1,14,6,148,3,9,30.0
280,0,1,14,24,412,19,11,28.0
281,0,1,7,2,109,5,8,27.0
282,1,4,29,5,198,5,11,32.0
283,1,1,14,24,203,5,11,32.0
284,0,1,14,15,10,5,9,30.0
285,1,4,20,20,267,5,13,32.0
286,0,1,25,8,436,5,9,29.0
287,0,1,33,8,124,5,8,34.0
288,0,1,15,24,203,5,14,29.0
289,0,1,38,9,196,5,12,27.0
290,1,3,24,8,362,5,7,26.0
291,0,1,22,9,57,5,7,29.0
292,0,4,20,20,295,5,12,31.0
293,1,4,21,20,345,5,15,32.0
294,1,1,10,15,271,5,17,32.0
295,0,1,18,1,326,5,11,27.0
296,1,1,28,8,124,5,13,30.0
297,0,1,21,8,96,19,12,32.0
298,1,1,22,9,226,5,12,32.0
299,1,1,40,24,317,5,17,31.0
300,1,1,40,24,203,5,14,29.0
301,1,0,13,20,376,3,15,31.0
302,1,1,19,2,269,19,14,33.0
303,1,1,12,9,435,5,10,28.0
304,0,1,31,18,137,5,8,26.0
305,1,0,30,11,295,5,20,31.0
306,1,1,14,15,344,5,12,32.0
307,0,1,14,6,315,19,16,31.0
308,0,1,37,6,295,5,18,31.0
309,1,1,14,15,243,5,16,32.0
310,0,1,27,6,413,5,9,27.0
311,0,2,34,6,126,19,9,35.0
312,1,0,23,13,286,19,17,30.0
313,1,1,15,24,305,5,11,32.0
314,0,1,40,24,60,5,4,29.0
315,0,1,18,1,179,5,11,27.0
316,1,4,29,20,290,5,18,29.0
317,0,1,12,9,56,5,0,30.0
318,0,1,14,8,124,5,13,28.0
319,0,1,17,18,118,5,7,28.0
320,0,1,0,20,19,5,13,29.0
321,1,1,15,24,203,5,16,31.0
322,1,1,14,8,318,5,13,33.0
323,0,4,21,20,267,5,11,29.0
324,1,1,40,24,354,5,16,28.0
325,1,2,34,6,295,5,17,33.0
326,1,1,33,8,244,5,11,35.0
327,1,1,27,6,28,19,16,33.0
328,1,1,22,9,297,5,18,35.0
329,1,1,19,2,8,20,15,35.0
330,0,1,0,20,24,5,0,30.0
331,0,1,38,9,434,5,11,30.0
332,0,1,4,9,350,5,8,24.0
333,0,1,27,6,217,19,10,28.0
334,0,2,34,8,217,19,9,32.0
335,0,1,18,1,179,5,10,30.0
336,0,1,14,2,244,5,12,28.0
337,1,1,25,8,124,5,16,27.0
338,0,1,19,2,60,5,11,32.0
339,1,4,20,20,295,5,17,33.0
340,1,0,13,15,295,5,16,32.0
341,1,1,31,8,295,5,18,29.0
342,1,1,22,9,388,19,12,33.0
343,1,0,23,13,11,16,14,31.0
344,0,4,20,20,230,5,5,31.0
345,0,1,27,6,72,5,2,29.0
346,1,1,22,15,402,5,14,34.0
347,1,1,14,15,315,19,15,31.0
348,0,1,17,18,118,5,7,27.0
349,1,2,34,6,432,3,16,33.0
350,1,1,37,6,441,5,14,33.0
351,1,3,24,8,185,5,12,28.0
352,1,3,24,6,6,5,17,26.0
353,1,4,29,20,290,5,15,30.0
354,1,1,14,8,209,5,18,33.0
355,1,1,26,6,6,5,10,30.0
356,1,1,33,20,210,5,12,35.0
357,1,1,8,24,110,5,14,28.0
358,1,1,37,6,72,5,6,30.0
359,1,1,19,2,264,21,14,35.0
360,0,1,14,2,295,5,13,28.0
361,0,1,4,24,60,5,9,25.0
362,0,2,34,6,432,3,9,32.0
363,1,1,14,6,23,5,17,30.0
364,0,3,24,8,439,5,8,26.0
365,0,3,24,12,90,5,12,29.0
366,1,1,27,6,52,21,12,34.0
367,0,0,13,23,60,5,16,30.0
368,0,0,23,13,31,19,9,32.0
369,0,1,14,15,161,19,16,29.0
370,1,1,5,2,5,5,15,29.0
371,0,1,40,24,223,5,10,28.0
372,0,1,12,9,435,5,12,30.0
373,0,1,14,15,295,5,13,30.0
374,1,1,14,8,60,5,16,33.0
375,1,1,40,24,63,5,15,29.0
376,1,1,14,15,344,5,18,31.0
377,0,1,14,15,344,5,13,31.0
378,0,0,30,23,295,5,8,29.0
379,0,1,8,24,103,5,7,27.0
380,1,1,31,18,39,5,14,27.0
381,1,1,11,6,295,5,13,29.0
382,0,1,36,8,266,5,11,29.0
383,0,1,3,20,124,5,10,32.0
384,1,1,17,2,62,5,18,29.0
385,0,1,26,6,70,5,9,30.0
386,1,1,14,15,344,5,18,32.0
387,1,1,2,1,24,5,0,28.0
388,0,1,2,1,396,5,7,27.0
389,1,1,3,8,178,5,14,33.0
390,0,1,32,8,318,5,12,29.0
391,0,1,22,9,164,5,13,30.0
392,1,1,14,15,344,5,19,33.0
393,0,1,12,25,295,5,0,32.0
394,1,2,34,6,205,5,12,34.0
395,0,4,29,20,267,5,2,29.0
396,0,1,36,8,230,5,3,27.0
397,1,1,37,6,60,5,15,33.0
398,0,1,18,1,179,5,8,29.0
399,0,1,25,15,7,5,4,28.0
400,0,1,14,8,284,5,13,31.0
401,0,3,24,5,70,5,1,29.0
402,0,1,14,15,271,5,13,31.0
403,0,1,39,23,113,5,12,29.0
404,1,1,14,15,383,5,11,32.0
405,0,1,7,8,266,5,8,29.0
406,1,1,35,22,295,5,16,28.0
407,0,1,27,6,357,5,12,29.0
408,0,1,19,2,60,5,13,32.0
409,1,1,27,6,443,3,17,32.0
410,0,1,27,8,276,5,7,29.0
411,0,1,4,24,103,5,8,24.0
412,1,1,18,1,173,5,12,31.0
413,1,1,0,20,332,5,12,30.0
414,1,2,34,6,295,5,17,32.0
415,1,1,5,2,124,5,14,27.0
416,0,1,14,2,124,5,9,30.0
417,1,1,18,1,141,5,17,29.0
418,1,0,23,13,424,19,11,31.0
419,0,1,22,15,344,5,6,31.0
420,0,1,38,20,124,5,12,28.0
421,1,1,31,8,216,5,14,29.0
422,0,1,15,24,301,5,9,28.0
423,1,1,39,23,116,5,13,31.0
424,0,1,14,24,203,5,10,31.0
425,0,4,29,20,332,5,10,30.0
426,0,1,18,1,179,5,6,29.0
427,0,1,26,6,413,5,9,27.0
428,0,1,28,8,456,5,10,29.0
429,1,1,7,2,46,5,9,29.0
430,1,1,31,18,321,5,14,27.0
431,1,1,14,6,444,5,17,33.0
432,1,1,35,22,205,5,13,27.0
433,0,0,23,13,344,5,8,32.0
434,0,4,16,20,124,5,10,31.0
435,1,1,38,24,203,5,15,30.0
436,0,1,14,15,344,5,9,29.0
437,1,1,7,2,244,5,12,28.0
438,1,1,4,24,165,5,13,28.0
439,0,1,6,2,56,5,0,28.0
440,1,1,25,8,353,5,17,27.0
441,0,1,8,9,26,5,8,27.0
442,1,1,14,8,81,5,12,33.0
443,1,1,12,9,24,5,12,28.0
444,1,1,11,6,357,5,18,27.0
445,0,1,26,8,124,5,9,27.0
446,1,1,25,1,295,5,17,28.0
447,0,1,33,8,332,5,9,31.0
448,1,1,31,8,295,5,15,28.0
449,0,1,14,15,344,5,16,29.0
450,0,1,14,8,266,5,7,30.0
451,1,1,21,15,60,5,19,32.0
452,0,4,16,20,224,5,11,31.0
453,1,1,31,8,208,5,15,27.0
454,0,1,39,23,102,5,9,30.0
455,1,1,9,8,312,5,7,33.0
456,1,1,32,8,349,5,9,32.0
457,1,1,12,25,295,5,17,31.0
458,0,4,20,20,32,11,14,31.0
459,1,1,14,16,9,5,17,32.0
460,1,1,5,2,117,5,0,30.0
461,0,1,0,16,299,5,9,29.0
462,0,1,9,8,344,5,11,34.0
463,1,1,32,8,178,5,15,30.0
464,1,1,1,15,271,5,18,28.0
465,0,1,40,24,454,5,11,26.0
466,0,1,31,8,439,5,7,26.0
467,1,1,19,2,179,5,17,34.0
468,1,0,13,13,392,20,14,30.0
469,0,1,21,8,124,5,5,31.0
470,0,1,28,8,124,5,9,30.0
471,0,1,17,1,124,5,6,27.0
472,0,1,14,15,295,5,9,28.0
473,0,1,0,16,295,5,11,30.0
474,1,1,18,1,173,5,13,29.0
475,1,3,24,8,413,5,15,27.0
476,0,1,4,1,24,5,0,25.0
477,1,1,14,2,378,5,13,33.0
478,0,1,0,20,99,5,9,29.0
479,0,1,9,8,203,5,10,34.0
480,1,1,14,15,130,19,18,31.0
481,0,3,24,8,413,5,7,29.0
482,1,1,10,15,171,19,14,31.0
483,1,1,14,6,261,21,19,33.0
484,1,0,23,13,142,20,7,33.0
485,0,1,28,8,37,5,8,29.0
486,0,1,12,25,435,5,7,30.0
487,0,1,37,6,6,5,8,30.0
488,1,1,38,8,205,5,18,28.0
489,1,1,37,6,295,5,17,32.0
490,1,0,30,11,203,5,14,33.0
491,0,1,11,12,101,19,10,30.0
492,0,1,22,9,60,5,10,29.0
493,1,1,2,1,136,5,11,29.0
494,0,1,26,8,124,5,10,29.0
495,1,1,14,20,384,5,15,32.0
496,0,1,15,24,203,5,7,27.0
497,0,0,13,11,326,5,5,31.0
498,1,1,14,15,344,5,11,32.0
499,0,1,11,8,155,5,7,29.0
500,0,1,3,8,292,3,9,34.0
501,1,1,1,15,69,5,12,31.0
502,1,1,7,2,46,5,13,27.0
503,0,1,1,2,82,5,2,28.0
504,0,1,17,18,76,5,11,26.0
505,0,1,31,4,344,5,7,27.0
506,1,1,7,18,39,5,11,28.0
507,1,1,1,15,295,5,13,30.0
508,0,1,11,22,6,5,14,31.0
509,0,1,5,2,295,5,7,26.0
510,0,1,15,24,203,5,13,27.0
511,1,1,14,15,124,5,15,33.0
512,1,0,23,13,245,5,19,32.0
513,1,1,14,15,344,5,13,32.0
514,1,1,14,3,333,5,18,33.0
515,1,4,29,20,210,5,15,30.0
516,0,4,16,20,295,5,11,32.0
517,0,1,36,8,35,5,8,29.0
518,1,1,14,15,436,5,18,30.0
519,0,1,4,24,422,5,11,25.0
520,0,3,24,26,420,9,10,26.0
521,1,1,6,8,78,5,10,28.0
522,0,1,3,8,124,5,12,34.0
523,1,1,28,8,282,5,13,30.0
524,1,1,18,1,298,5,20,31.0
525,1,1,8,24,24,5,18,28.0
526,0,1,8,24,155,5,0,29.0
527,0,1,25,8,124,5,8,30.0
528,0,1,12,25,278,5,11,31.0
529,1,1,22,9,202,5,15,32.0
530,0,1,21,20,318,5,13,29.0
531,1,1,14,8,208,5,12,31.0
532,0,1,25,1,395,5,10,29.0
533,0,1,21,8,308,19,10,29.0
534,1,1,22,9,60,5,13,32.0
535,1,1,22,9,60,5,13,33.0
536,0,4,29,20,267,5,9,32.0
537,0,4,20,20,124,5,9,28.0
538,0,1,17,18,365,5,7,28.0
539,1,1,26,6,166,5,13,29.0
540,1,1,40,24,203,5,11,29.0
541,1,4,16,20,267,5,13,31.0
542,1,1,1,15,307,5,0,30.0
543,0,1,3,8,178,5,13,33.0
544,0,1,36,8,182,5,8,27.0
545,1,2,34,6,60,5,15,33.0
546,0,1,25,20,295,5,14,28.0
547,1,1,11,22,344,5,14,29.0
548,0,2,34,6,264,21,14,33.0
549,1,1,18,1,30,5,15,31.0
550,0,1,10,15,271,5,13,32.0
551,1,1,7,2,273,5,16,30.0
552,0,1,37,6,295,5,0,29.0
553,1,1,21,8,124,5,18,32.0
554,0,1,19,2,60,5,10,34.0
555,0,1,35,22,271,5,10,30.0
556,1,1,39,23,340,5,12,28.0
557,1,1,5,2,244,5,14,30.0
558,1,1,9,8,60,5,16,34.0
559,1,1,14,8,124,5,19,32.0
560,0,1,25,1,179,5,9,27.0
561,1,1,1,15,295,5,15,30.0
562,0,1,2,1,30,5,10,29.0
563,0,1,8,24,60,5,10,26.0
564,1,1,37,6,382,19,18,33.0
565,0,1,10,11,295,5,10,31.0
566,1,4,29,5,68,5,3,32.0
567,0,1,14,15,295,5,9,30.0
568,1,4,21,20,86,0,16,30.0
569,0,1,0,20,244,5,8,28.0
570,1,1,3,8,459,5,10,35.0
571,1,1,22,9,226,5,12,32.0
572,0,1,26,6,441,5,9,27.0
573,0,0,13,23,404,19,12,31.0
574,1,1,37,6,380,19,17,32.0
575,0,1,22,15,383,5,11,30.0
576,1,1,21,15,60,5,15,31.0
577,1,1,2,1,140,5,16,29.0
578,0,1,3,20,382,19,10,34.0
579,1,1,8,8,235,5,0,29.0
580,1,1,17,18,137,5,11,28.0
581,1,1,14,24,203,5,13,30.0
582,0,4,29,20,124,5,10,29.0
583,1,1,22,9,108,5,11,35.0
584,1,1,15,15,260,5,18,30.0
585,0,0,30,2,244,5,10,30.0
586,1,1,11,6,2,5,9,27.0
587,0,1,9,8,336,5,9,33.0
588,0,1,38,8,124,5,8,27.0
589,0,1,14,8,41,5,11,31.0
590,0,1,37,6,6,5,11,30.0
591,0,1,40,24,25,5,11,27.0
592,0,1,9,8,386,5,7,34.0
593,1,4,16,20,124,5,17,33.0
594,0,1,6,2,244,5,10,28.0
595,1,0,23,5,334,19,18,31.0
596,1,1,33,13,248,5,9,34.0
597,0,1,40,24,295,5,12,27.0
598,0,1,17,18,49,5,4,27.0
599,0,1,14,24,73,5,9,30.0
600,0,1,1,15,295,5,6,30.0
601,1,1,40,24,428,5,11,30.0
602,0,1,12,25,295,5,14,30.0
603,0,1,15,8,197,5,9,27.0
604,0,1,17,18,49,5,5,28.0
605,1,1,10,15,295,5,7,30.0
606,0,1,22,9,60,5,11,30.0
607,0,1,14,2,244,5,14,31.0
608,0,4,29,20,290,5,11,32.0
609,1,1,11,20,285,0,15,29.0
610,1,4,20,20,459,5,21,33.0
611,0,1,0,20,290,5,9,28.0
612,1,4,21,20,267,5,18,30.0
613,1,1,28,8,209,5,19,28.0
614,0,1,12,25,60,5,12,30.0
615,0,1,37,6,441,5,11,30.0
616,0,1,14,8,271,5,11,29.0
617,1,4,21,20,99,5,15,31.0
618,1,1,14,2,124,5,14,31.0
619,1,1,14,8,60,5,16,33.0
620,0,1,14,15,217,19,9,31.0
621,0,1,21,6,295,5,11,29.0
622,0,4,16,5,251,8,10,32.0
623,1,1,10,11,172,5,11,31.0
624,0,4,16,20,205,5,8,32.0
625,0,1,1,15,299,5,9,30.0
626,1,0,30,15,295,5,15,32.0
627,0,1,22,9,60,5,15,30.0
628,0,1,22,9,83,19,11,29.0
629,0,1,6,2,244,5,9,27.0
630,0,1,21,8,157,5,10,30.0
631,1,1,17,18,60,5,14,29.0
632,0,1,38,8,256,5,11,30.0
633,1,1,3,8,124,5,16,36.0
634,1,1,38,8,344,5,12,30.0
635,0,1,18,1,141,5,7,30.0
636,0,2,34,8,344,5,15,34.0
637,0,1,26,6,441,5,10,28.0
638,0,1,18,1,179,5,0,27.0
639,0,1,14,8,201,5,9,31.0
640,0,1,25,1,179,5,13,29.0
641,0,1,0,20,288,3,9,30.0
642,0,0,13,23,86,0,9,31.0
643,1,4,20,20,266,5,18,30.0
644,0,4,29,20,443,3,9,31.0
645,1,1,5,2,201,5,9,30.0
646,0,1,11,22,295,5,8,29.0
647,0,1,38,8,295,5,7,27.0
648,0,1,21,8,295,5,10,32.0
649,1,1,19,2,244,5,13,33.0
650,0,1,18,1,295,5,7,27.0
651,1,1,2,1,300,5,10,28.0
652,0,1,14,15,344,5,11,28.0
653,1,1,12,25,278,5,9,29.0
654,0,1,22,9,57,5,8,31.0
655,0,0,30,11,142,20,11,32.0
656,1,0,30,13,151,5,9,31.0
657,1,1,18,1,124,5,15,29.0
658,1,1,33,6,6,5,12,34.0
659,1,1,14,15,441,5,14,32.0
660,0,4,21,8,295,5,8,29.0
661,1,1,39,23,135,5,0,29.0
662,1,1,31,8,218,5,12,28.0
663,1,1,38,9,350,5,14,30.0
664,1,1,17,8,197,5,12,30.0
665,1,1,14,15,315,19,12,33.0
666,1,1,33,24,24,5,16,35.0
667,1,1,18,1,277,5,17,30.0
668,1,0,30,23,60,5,16,31.0
669,0,1,12,25,295,5,10,29.0
670,1,1,12,25,412,19,16,28.0
671,1,4,21,8,106,19,17,31.0
672,1,0,30,5,203,5,13,31.0
673,0,1,22,9,0,20,9,30.0
674,1,1,25,17,120,5,11,26.0
675,1,1,11,20,367,5,16,28.0
676,0,1,38,7,124,5,9,29.0
677,0,1,35,20,295,5,17,29.0
678,0,1,0,20,158,5,10,30.0
679,1,1,25,6,359,5,9,27.0
680,0,1,0,16,60,5,13,28.0
681,1,0,13,13,330,5,6,32.0
682,0,1,38,9,187,5,9,27.0
683,0,1,10,11,172,5,8,32.0
684,1,1,15,18,97,5,12,31.0
685,0,1,12,25,278,5,11,29.0
686,0,1,2,1,179,5,0,29.0
687,0,1,21,8,36,5,13,32.0
688,0,3,24,26,230,5,9,27.0
689,0,0,13,24,203,5,8,32.0
690,1,1,0,16,203,5,17,32.0
691,0,1,40,24,424,19,7,27.0
692,1,1,8,24,428,5,19,28.0
693,1,1,36,6,240,5,16,30.0
694,0,0,23,13,92,19,9,29.0
695,1,1,11,20,22,5,0,30.0
696,1,4,20,20,60,5,19,31.0
697,1,1,39,23,103,5,9,29.0
698,1,1,12,9,278,5,16,29.0
699,0,4,20,20,345,5,11,29.0
700,0,1,11,8,124,5,11,28.0
701,1,1,22,9,60,5,19,35.0
702,0,1,0,20,345,5,10,30.0
703,1,1,11,15,344,5,12,30.0
704,0,1,22,9,449,5,9,30.0
705,1,1,35,22,6,5,19,29.0
706,1,1,1,15,351,5,12,29.0
707,1,1,14,15,299,5,18,33.0
708,0,1,31,18,63,5,5,26.0
709,0,1,19,2,344,5,9,32.0
710,1,4,21,20,345,5,18,30.0
711,1,1,10,15,295,5,13,33.0
712,1,1,28,8,184,5,13,29.0
713,1,1,38,6,6,5,11,30.0
714,0,1,27,6,344,5,12,29.0
715,1,1,19,2,244,5,17,35.0
716,0,1,26,6,217,19,7,29.0
717,1,1,32,8,124,5,13,29.0
718,0,4,21,20,432,3,9,30.0
719,0,1,33,1,139,5,11,32.0
720,0,1,12,25,295,5,9,30.0
721,1,1,14,2,244,5,17,30.0
722,1,1,14,24,313,5,12,31.0
723,0,1,32,20,437,5,10,28.0
724,0,1,27,6,413,5,11,28.0
725,0,4,20,20,124,5,10,28.0
726,0,1,21,5,124,5,12,30.0
727,0,1,21,6,353,5,12,32.0
728,0,0,30,26,258,14,10,31.0
729,1,1,14,15,344,5,17,31.0
730,0,1,4,24,203,5,11,27.0
731,0,1,15,8,174,5,11,26.0
732,1,1,5,2,397,5,13,29.0
733,0,1,22,9,60,5,9,31.0
734,1,0,30,23,31,19,16,31.0
735,1,1,14,15,364,5,15,30.0
736,0,1,14,15,344,5,12,28.0
737,1,1,2,1,140,5,0,28.0
738,0,1,32,20,21,5,10,30.0
739,1,1,14,15,295,5,17,30.0
740,0,1,7,8,127,5,9,26.0
741,1,1,40,24,203,5,8,30.0
742,1,1,14,6,83,19,19,31.0
743,0,1,25,20,267,5,9,27.0
744,1,1,17,18,118,5,11,29.0
745,1,1,14,15,344,5,15,33.0
746,1,1,21,8,443,3,18,31.0
747,0,1,8,24,344,5,7,27.0
748,0,1,4,1,27,5,0,24.0
749,1,1,14,8,124,5,19,30.0
750,1,1,5,2,250,5,18,28.0
751,0,1,21,20,203,5,12,29.0
752,1,1,4,24,203,5,17,31.0
753,1,4,21,20,345,5,17,30.0
754,1,1,9,8,159,5,18,34.0
755,0,4,16,20,124,5,10,32.0
756,0,1,15,24,203,5,7,27.0
757,0,0,13,15,183,11,15,31.0
758,0,1,39,23,451,5,11,28.0
759,1,1,14,15,364,5,18,31.0
760,1,0,30,13,0,20,14,31.0
761,1,3,24,8,27,5,9,28.0
762,0,0,13,5,191,19,12,29.0
763,0,0,23,13,427,5,10,32.0
764,1,1,19,2,203,5,18,35.0
765,1,1,18,1,179,5,14,30.0
766,0,1,5,2,271,5,1,29.0
767,1,1,27,6,32,11,18,33.0
768,1,1,33,9,60,5,15,35.0
769,1,1,14,2,324,3,12,33.0
770,1,1,8,24,103,5,15,30.0
771,1,1,3,20,124,5,18,35.0
772,1,4,20,20,267,5,13,33.0
773,0,4,29,20,85,3,9,30.0
774,1,1,22,15,107,19,19,32.0
775,0,1,33,8,124,5,11,33.0
776,0,1,40,24,113,5,7,28.0
777,1,4,20,20,124,5,14,32.0
778,1,4,16,20,85,3,15,31.0
779,0,1,10,18,311,5,12,31.0
780,0,1,6,2,131,2,0,26.0
781,1,1,17,18,413,5,18,29.0
782,1,1,0,20,53,5,12,32.0
783,0,1,36,8,124,5,9,30.0
784,1,1,6,2,181,5,7,27.0
785,1,4,20,20,124,5,14,32.0
786,1,1,25,8,68,5,18,29.0
787,1,1,17,18,67,5,0,31.0
788,1,1,12,9,278,5,9,30.0
789,0,0,23,13,14,5,11,29.0
790,1,1,28,15,299,5,15,29.0
791,0,1,25,8,48,5,9,30.0
792,0,4,29,20,99,5,13,31.0
793,0,1,4,24,149,5,11,27.0
794,0,1,28,8,124,5,7,27.0
795,1,1,26,6,413,5,17,32.0
796,1,0,23,13,238,19,14,31.0
797,0,4,20,20,178,5,10,31.0
798,1,1,17,1,300,5,14,28.0
799,1,3,24,26,409,14,5,27.0
800,1,1,17,18,346,5,13,28.0
801,0,1,40,24,353,5,10,27.0
802,0,0,30,11,142,20,14,29.0
803,0,1,35,22,205,5,11,27.0
804,1,1,25,8,33,5,15,27.0
805,0,1,19,2,295,5,9,32.0
806,0,2,34,6,334,19,12,33.0
807,1,1,14,2,244,5,11,33.0
808,0,4,20,20,124,5,11,30.0
809,1,3,24,8,6,5,5,28.0
810,1,1,8,24,110,5,18,29.0
811,0,1,0,16,344,5,10,30.0
812,1,1,4,24,73,5,15,31.0
813,0,1,39,23,426,5,7,28.0
814,0,1,2,8,425,5,6,27.0
815,0,1,14,8,440,5,9,31.0
816,1,1,0,20,267,5,14,32.0
817,1,1,8,9,60,5,14,30.0
818,1,2,34,6,432,3,21,34.0
819,1,1,14,24,389,5,17,30.0
820,0,1,27,6,295,5,7,30.0
821,0,1,17,18,60,5,13,27.0
822,1,1,19,2,201,5,13,34.0
823,0,1,14,6,326,5,12,30.0
824,0,1,17,18,137,5,10,26.0
825,1,1,2,1,395,5,18,28.0
826,1,0,23,13,245,5,18,33.0
827,1,1,21,8,295,5,15,31.0
828,1,1,26,6,150,21,14,29.0
829,1,1,35,22,205,5,18,27.0
830,1,1,26,6,295,5,14,29.0
831,0,4,21,20,85,3,9,30.0
832,1,0,13,24,225,5,19,30.0
833,0,1,28,8,318,5,9,29.0
834,0,1,28,8,230,5,8,29.0
835,0,1,12,25,233,5,15,30.0
836,0,1,25,8,146,5,0,30.0
837,0,1,22,9,60,5,11,31.0
838,0,1,3,8,124,5,10,34.0
839,0,1,14,15,200,19,12,30.0
840,0,1,27,6,295,5,9,30.0
841,1,1,14,24,389,5,19,30.0
842,1,0,23,13,42,19,16,31.0
843,0,0,13,15,295,5,10,29.0
844,0,1,37,6,6,5,8,30.0
845,0,3,24,12,324,14,0,29.0
846,1,1,1,15,295,5,12,31.0
847,1,1,19,2,264,21,17,32.0
848,0,1,18,1,179,5,11,28.0
849,1,1,22,9,203,5,12,32.0
850,0,1,36,8,234,5,13,30.0
851,1,1,28,19,124,5,16,30.0
852,0,1,15,18,76,5,7,28.0
853,1,4,20,20,345,5,15,33.0
854,1,1,11,20,198,5,8,30.0
855,1,1,1,15,34,5,10,30.0
856,1,1,6,2,244,5,16,29.0
857,0,1,18,1,179,5,13,27.0
858,0,1,22,9,295,5,10,29.0
859,1,1,7,2,214,5,1,29.0
860,0,1,11,22,142,20,11,31.0
861,0,1,14,15,344,5,16,29.0
862,1,1,0,16,50,5,19,32.0
863,0,1,7,2,244,5,9,29.0
864,0,1,15,7,124,5,9,27.0
865,1,1,40,24,454,5,12,31.0
866,1,0,13,23,103,5,16,32.0
867,1,4,16,20,281,3,15,31.0
868,1,1,3,8,178,5,17,33.0
869,1,0,23,13,204,5,11,33.0
870,1,1,14,24,124,5,14,33.0
871,1,1,8,24,60,5,14,30.0
872,0,1,0,20,99,5,14,30.0
873,0,1,37,6,295,5,13,30.0
874,1,1,14,8,344,5,17,33.0
875,1,1,36,8,295,5,11,29.0
876,1,1,12,9,278,5,15,30.0
877,0,1,0,20,99,5,8,30.0
878,1,0,23,13,0,20,12,32.0
879,1,1,14,24,162,19,13,33.0
880,0,4,29,20,124,5,12,31.0
881,1,1,0,20,345,5,14,32.0
882,0,1,14,2,264,21,9,29.0
883,0,1,5,2,60,5,8,29.0
884,1,1,33,8,6,5,16,34.0
885,0,4,21,1,129,14,1,30.0
886,1,1,9,8,99,5,9,35.0
887,1,4,21,8,60,5,14,33.0
888,0,1,21,8,174,5,8,29.0
889,1,1,40,24,60,5,13,31.0
890,0,1,26,8,124,5,9,28.0
891,1,1,4,24,203,5,7,30.0
892,1,4,20,20,242,21,20,31.0
893,1,1,26,6,6,5,16,29.0
894,1,1,4,24,341,5,12,31.0
895,0,1,4,24,388,19,12,27.0
896,0,4,21,20,22,5,9,31.0
897,0,1,2,1,222,5,0,30.0
898,1,1,28,8,16,5,12,31.0
899,1,1,35,8,440,5,9,30.0
900,1,1,36,8,266,5,13,28.0
901,1,1,22,15,344,5,16,34.0
902,0,1,40,24,203,5,0,26.0
903,1,1,39,23,152,5,9,29.0
904,1,1,27,6,93,19,14,33.0
905,1,1,14,2,208,5,21,31.0
906,1,1,32,20,331,5,19,32.0
907,0,1,32,8,306,5,0,27.0
908,1,3,24,9,57,5,3,29.0
909,0,1,14,15,344,5,13,28.0
910,1,1,10,18,203,5,12,30.0
911,1,2,34,6,6,5,18,35.0
912,0,1,5,2,46,5,9,27.0
913,0,1,17,1,222,5,7,27.0
914,0,1,11,22,295,5,11,28.0
915,1,1,38,8,318,5,14,29.0
916,1,1,4,24,283,19,17,31.0
917,1,1,0,20,345,5,16,32.0
918,1,1,39,23,377,5,14,31.0
919,0,2,34,6,295,5,9,34.0
920,1,4,16,20,285,0,16,31.0
921,0,1,0,20,99,5,11,27.0
922,1,1,12,15,34,5,10,30.0
923,0,3,24,6,6,5,2,29.0
924,1,1,12,9,40,5,14,31.0
925,1,1,14,8,169,5,13,33.0
926,0,1,11,3,333,5,0,29.0
927,1,1,6,1,110,5,0,29.0
928,0,4,16,20,124,5,13,31.0
929,1,1,7,2,60,5,15,30.0
930,1,1,5,2,244,5,18,29.0
931,0,1,14,15,334,19,12,28.0
932,0,0,30,23,103,5,7,32.0
933,1,1,36,8,124,5,13,30.0
934,1,3,24,8,75,5,1,26.0
935,0,1,9,8,124,5,7,35.0
936,0,1,0,20,110,5,0,30.0
937,0,1,14,15,303,5,10,29.0
938,0,1,7,8,157,5,10,28.0
939,1,1,14,8,124,5,15,33.0
940,1,4,16,20,60,5,13,33.0
941,0,1,14,15,307,5,9,31.0
942,1,4,16,20,169,5,15,31.0
943,1,1,14,15,55,5,14,31.0
944,1,1,9,8,142,20,15,34.0
945,0,1,28,8,184,5,9,27.0
946,0,1,6,1,460,5,2,25.0
947,0,1,28,8,318,5,9,30.0
948,0,1,22,9,60,5,14,29.0
949,1,1,37,6,295,5,16,32.0
950,1,1,33,8,124,5,18,32.0
951,0,1,37,6,214,5,10,28.0
952,0,1,6,18,60,5,5,25.0
953,1,1,5,2,433,5,12,30.0
954,1,1,37,6,213,5,25,30.0
955,0,1,7,2,203,5,10,29.0
956,0,0,30,23,377,5,11,31.0
957,1,1,36,8,190,5,12,29.0
958,1,1,26,6,6,5,13,30.0
959,1,1,0,20,124,5,16,30.0
960,0,1,28,8,48,5,7,29.0
961,0,1,26,15,100,5,11,27.0
962,0,1,39,23,429,5,7,28.0
963,1,1,32,8,19,5,13,32.0
964,1,1,17,18,84,5,10,28.0
965,0,1,27,6,175,21,14,29.0
966,0,1,19,2,244,5,8,34.0
967,0,4,20,20,124,5,15,28.0
968,1,1,14,15,112,19,13,33.0
969,1,1,22,9,60,5,17,34.0
970,1,1,14,11,257,7,15,30.0
971,0,4,16,20,124,5,10,30.0
972,0,1,35,22,75,5,13,27.0
973,0,1,14,2,244,5,12,28.0
974,1,0,23,13,119,19,15,32.0
975,1,3,24,8,170,5,17,26.0
976,1,1,9,8,333,5,14,33.0
977,0,1,5,2,295,5,9,26.0
978,0,2,34,6,295,5,8,35.0
979,0,1,11,20,315,19,14,30.0
980,1,1,26,6,23,5,14,32.0
981,1,1,32,8,209,5,12,30.0
982,1,1,33,20,285,0,12,32.0
983,1,1,12,9,278,5,14,31.0
984,1,1,37,6,240,5,0,32.0
985,1,1,12,25,435,5,13,28.0
986,0,1,14,8,268,5,13,29.0
987,1,1,12,9,21,5,8,31.0
988,0,1,32,8,16,5,7,29.0
989,1,1,37,6,6,5,12,30.0
990,1,1,3,20,124,5,14,36.0
991,0,1,14,15,344,5,8,31.0
992,1,1,3,8,416,0,12,35.0
993,1,1,40,24,432,3,22,29.0
994,1,1,38,9,393,5,14,31.0
995,0,4,20,20,176,5,11,28.0
996,0,1,4,8,124,5,10,25.0
997,1,1,14,6,6,5,7,30.0
998,1,1,22,9,202,5,12,33.0
999,1,1,32,8,128,5,13,32.0
1000,1,1,14,6,442,5,16,33.0
1001,0,1,4,24,405,5,9,26.0
1002,0,1,10,11,172,5,9,29.0
1003,0,0,13,13,247,5,8,31.0
1004,1,4,29,20,210,5,17,32.0
1005,1,1,3,8,155,5,19,35.0
1006,0,1,21,15,295,5,10,29.0
1007,1,1,31,8,105,5,15,28.0
1008,1,1,26,6,357,5,16,32.0
1009,1,4,29,20,267,5,13,32.0
1010,1,1,22,9,203,5,15,34.0
1011,1,1,2,1,395,5,14,29.0
1012,1,1,0,20,384,5,14,31.0
1013,0,1,26,6,6,5,9,27.0
1014,0,1,14,15,344,5,7,31.0
1015,0,1,21,8,203,5,12,30.0
1016,0,1,10,15,295,5,9,31.0
1017,0,1,31,8,208,5,9,27.0
1018,1,1,21,6,368,19,18,31.0
1019,1,1,4,24,60,5,15,29.0
1020,1,1,2,1,1,19,0,30.0
1021,0,1,6,18,179,5,7,26.0
1022,0,1,6,2,201,5,2,26.0
1023,1,4,20,20,124,5,18,31.0
1024,1,1,8,24,60,5,15,28.0
1025,0,1,18,1,179,5,9,29.0
1026,0,1,2,1,17,5,8,27.0
1027,0,1,22,9,60,5,11,31.0
1028,0,1,14,8,333,5,11,29.0
1029,1,1,35,22,72,5,14,28.0
1030,0,1,12,25,233,5,16,30.0
1031,1,1,27,8,353,5,12,32.0
1032,0,1,14,15,295,5,7,28.0
1033,1,1,39,23,377,5,14,29.0
1034,0,1,32,8,375,5,2,30.0
1035,1,1,14,15,295,5,10,30.0
1036,0,2,34,6,364,5,8,33.0
1037,1,1,35,22,124,5,15,28.0
1038,1,4,29,20,290,5,15,30.0
1039,1,1,40,24,380,19,17,28.0
1040,1,1,5,2,250,5,0,28.0
1041,1,1,5,2,244,5,11,28.0
1042,0,4,29,20,345,5,9,29.0
1043,0,1,4,24,313,5,12,24.0
1044,0,1,31,8,266,5,0,27.0
1045,0,1,15,4,124,5,7,29.0
1046,0,1,22,9,57,5,9,32.0
1047,0,4,16,20,295,5,9,32.0
1048,1,1,1,15,271,5,13,31.0
1049,0,0,23,13,315,19,7,30.0
1050,1,1,7,2,396,5,1,30.0
1051,1,1,36,8,5,5,15,29.0
1052,0,1,14,24,239,5,6,28.0
1053,0,1,19,2,60,5,10,33.0
1054,1,4,21,20,415,3,17,30.0
1055,0,0,30,23,344,5,2,32.0
1056,0,1,2,1,110,5,14,29.0
1057,0,1,14,15,295,5,12,30.0
1058,1,1,5,2,46,5,10,28.0
1059,1,0,13,8,370,5,2,32.0
1060,0,1,14,15,295,5,10,30.0
1061,1,0,13,24,60,5,18,33.0
1062,1,1,31,8,208,5,15,29.0
1063,0,1,21,8,209,5,12,29.0
1064,0,1,3,8,124,5,8,33.0
1065,1,1,26,6,6,5,14,29.0
1066,1,1,28,8,390,5,16,28.0
1067,1,1,1,15,351,5,13,28.0
1068,1,1,2,1,179,5,14,27.0
1069,1,0,30,11,142,20,15,30.0
1070,1,1,14,8,124,5,13,31.0
1071,1,1,15,24,458,3,14,32.0
1072,0,0,23,5,95,19,11,29.0
1073,0,1,31,8,78,5,10,26.0
1074,0,1,33,8,315,19,9,34.0
1075,0,0,23,13,265,19,7,30.0
1076,0,1,28,4,146,5,6,29.0
1077,0,1,33,8,182,5,8,33.0
1078,1,1,28,8,205,5,7,28.0
1079,0,1,8,24,60,5,10,26.0
1080,0,1,39,23,103,5,11,30.0
1081,1,1,1,15,295,5,14,28.0
1082,1,1,9,8,344,5,16,33.0
1083,0,1,7,1,141,5,4,27.0
1084,1,1,14,2,244,5,17,32.0
1085,1,1,32,21,19,5,11,32.0
1086,1,1,15,24,60,5,15,31.0
1087,1,1,22,9,60,5,13,32.0
1088,1,1,14,8,232,5,1,31.0
1089,0,1,14,15,205,5,8,29.0
1090,0,1,2,1,47,5,14,28.0
1091,1,1,36,15,344,5,13,31.0
1092,0,1,5,2,295,5,10,26.0
1093,0,1,25,8,214,5,8,29.0
1094,0,1,31,8,146,5,7,29.0
1095,1,1,26,6,6,5,12,31.0
1096,1,1,0,20,53,5,13,33.0
1097,0,1,2,1,173,5,8,30.0
1098,0,1,31,8,358,5,7,27.0
1099,1,1,4,24,60,5,17,31.0
1100,1,1,7,1,110,5,0,30.0
1101,0,1,14,24,423,19,14,29.0
1102,0,1,32,20,125,5,10,30.0
1103,0,1,14,15,344,5,10,28.0
1104,1,1,18,1,222,5,14,30.0
1105,1,0,30,5,295,5,13,31.0
1106,1,1,6,2,244,5,7,28.0
1107,0,1,14,24,344,5,5,31.0
1108,1,1,39,23,103,5,14,31.0
1109,0,3,24,8,123,5,10,28.0
1110,1,1,4,24,302,5,20,28.0
1111,1,4,16,20,432,3,18,32.0
1112,0,1,31,8,18,5,11,28.0
1113,1,1,2,1,1,19,2,28.0
1114,1,1,39,23,446,5,18,31.0
1115,1,1,0,20,60,5,19,31.0
1116,0,1,38,8,48,5,10,28.0
1117,0,4,20,20,167,5,13,28.0
1118,0,1,31,8,263,5,7,28.0
1119,0,1,10,25,192,19,12,30.0
1120,1,1,14,15,344,5,15,32.0
1121,1,2,34,6,316,21,18,33.0
1122,1,4,21,20,294,5,15,30.0
1123,0,4,16,20,124,5,7,29.0
1124,0,1,15,8,353,5,5,26.0
1125,1,1,14,15,344,5,12,31.0
1126,1,1,14,15,344,5,12,33.0
1127,1,2,34,6,295,5,12,33.0
1128,0,1,9,20,416,0,14,35.0
1129,1,1,27,6,322,19,15,32.0
1130,1,1,7,8,80,5,10,28.0
1131,1,1,14,24,203,5,14,31.0
1132,0,1,40,24,203,5,10,28.0
1133,0,1,10,15,295,5,13,32.0
1134,1,4,21,20,22,5,13,30.0
1135,1,1,26,6,6,5,13,30.0
1136,0,4,21,20,99,5,12,29.0
1137,1,1,28,8,391,5,13,29.0
1138,1,1,19,2,244,5,12,34.0
1139,0,1,25,24,450,5,12,28.0
1140,0,1,15,8,65,5,10,26.0
1141,1,1,15,8,124,5,18,31.0
1142,1,1,14,18,118,5,16,31.0
1143,0,0,13,24,203,5,8,31.0
1144,1,4,29,20,86,0,19,32.0
1145,0,0,23,13,220,1,13,30.0
1146,0,0,30,11,295,5,8,32.0
1147,0,1,14,11,339,19,9,30.0
1148,0,1,19,2,344,5,8,32.0
1149,0,1,14,24,200,19,9,31.0
1150,0,1,36,8,124,5,12,28.0
1151,1,1,31,18,49,5,13,30.0
1152,0,1,25,24,199,5,10,28.0
1153,0,1,25,1,30,5,2,30.0
1154,1,3,24,6,6,5,0,28.0
1155,1,1,14,3,56,5,11,30.0
1156,1,1,36,8,216,5,18,30.0
1157,0,0,30,11,295,5,3,31.0
1158,1,1,31,8,353,5,20,29.0
1159,0,1,9,8,318,5,7,36.0
1160,0,1,8,9,107,19,9,26.0
1161,0,3,24,6,166,5,7,27.0
1162,1,1,33,8,70,5,11,35.0
1163,0,1,19,2,124,5,12,32.0
1164,0,1,37,6,295,5,9,30.0
1165,1,1,22,9,60,5,15,33.0
1166,1,1,3,8,124,5,18,35.0
1167,1,1,14,24,203,5,14,31.0
1168,1,1,11,8,75,5,12,29.0
1169,1,1,0,20,345,5,19,33.0
1170,1,1,18,1,298,5,1,29.0
1171,1,1,12,9,71,5,15,29.0
1172,0,1,9,8,208,5,8,33.0
1173,0,1,14,8,169,5,10,29.0
1174,0,1,31,8,353,5,15,27.0
1175,1,4,21,20,320,3,14,30.0
1176,0,3,24,8,295,5,0,27.0
1177,1,1,37,6,295,5,16,30.0
1178,1,4,20,20,168,0,12,31.0
1179,1,1,19,2,295,5,14,34.0
1180,1,1,17,18,67,5,16,29.0
1181,0,1,38,8,209,5,10,29.0
1182,1,1,5,2,124,5,14,29.0
1183,1,1,6,2,56,5,0,28.0
1184,1,1,18,1,179,5,9,28.0
1185,0,1,14,6,413,5,12,31.0
1186,1,1,9,6,107,19,19,33.0
1187,0,1,11,20,155,5,10,28.0
1188,1,1,7,2,362,5,15,29.0
1189,0,1,31,8,104,5,12,28.0
1190,1,1,14,15,344,5,20,32.0
1191,0,1,14,15,344,5,14,28.0
1192,0,1,4,9,60,5,13,24.0
1193,1,1,8,24,13,7,12,28.0
1194,0,1,4,24,361,5,8,24.0
1195,1,1,32,7,459,5,14,29.0
1196,0,1,35,22,60,5,11,28.0
1197,0,1,27,6,6,5,10,28.0
1198,0,1,27,6,23,5,11,28.0
1199,0,1,1,15,351,5,13,30.0
1200,1,1,3,8,124,5,15,33.0
1201,1,1,12,25,142,20,16,30.0
1202,0,1,37,6,295,5,11,29.0
1203,0,1,8,24,6,5,7,29.0
1204,1,1,10,15,295,5,15,33.0
1205,0,1,32,8,124,5,10,30.0
1206,1,1,11,2,4,5,15,27.0
1207,1,1,14,6,444,5,16,33.0
1208,0,1,38,8,401,5,9,28.0
1209,1,1,32,8,178,5,18,31.0
1210,1,1,21,18,60,5,15,30.0
1211,1,1,14,15,366,21,17,30.0
1212,0,1,8,8,75,5,6,28.0
1213,0,1,27,6,314,19,13,30.0
1214,1,1,2,1,136,5,8,28.0
1215,0,1,5,2,250,5,10,28.0
1216,0,1,4,24,60,5,9,26.0
1217,1,1,14,15,295,5,7,33.0
1218,0,0,13,23,103,5,10,31.0
1219,0,1,18,1,179,5,0,27.0
1220,1,1,19,2,178,5,16,33.0
1221,0,1,35,22,142,20,10,30.0
1222,1,1,3,8,124,5,16,35.0
1223,1,1,25,18,365,5,7,27.0
1224,0,4,16,20,295,5,12,29.0
1225,0,1,14,16,118,5,10,30.0
1226,0,1,7,1,277,5,0,27.0
1227,0,1,5,2,295,5,10,29.0
1228,1,1,39,23,252,5,8,29.0
1229,1,1,38,8,230,5,14,28.0
1230,1,2,34,16,413,5,20,35.0
1231,1,1,14,2,244,5,19,33.0
1232,0,1,35,22,10,5,11,28.0
1233,0,1,21,18,6,5,10,32.0
1234,1,1,35,8,205,5,19,29.0
1235,1,1,0,16,124,5,13,32.0
1236,0,1,33,8,344,5,9,34.0
1237,1,4,29,20,21,5,16,30.0
1238,1,2,34,6,205,5,15,33.0
1239,0,1,10,15,295,5,8,30.0
1240,0,1,39,23,252,5,8,27.0
1241,0,1,14,15,344,5,9,30.0
1242,0,1,32,20,124,5,9,27.0
1243,1,1,21,8,6,5,15,30.0
1244,1,1,4,24,295,5,13,31.0
1245,0,1,35,22,211,5,8,29.0
1246,1,1,27,6,324,21,17,34.0
1247,0,0,13,8,124,5,7,32.0
1248,1,1,8,24,255,5,12,28.0
1249,1,1,11,8,134,5,12,29.0
1250,0,1,14,15,455,19,10,30.0
1251,0,3,24,5,24,5,4,29.0
1252,1,1,14,24,203,5,11,32.0
1253,0,1,10,15,295,5,7,31.0
1254,0,0,23,13,206,19,13,30.0
1255,1,4,16,20,232,5,13,32.0
1256,1,1,32,8,203,5,19,29.0
1257,1,1,33,2,46,5,13,34.0
1258,1,1,21,8,60,5,16,30.0
1259,0,1,38,8,48,5,11,27.0
1260,0,1,6,2,244,5,0,26.0
1261,0,1,40,24,203,5,16,27.0
1262,1,0,13,13,119,19,16,30.0
1263,0,1,3,20,178,5,10,31.0
1264,1,1,25,8,80,5,8,26.0
1265,1,1,19,2,244,5,13,32.0
1266,0,1,28,8,230,5,10,27.0
1267,1,1,10,15,295,5,12,32.0
1268,1,1,2,1,280,5,13,29.0
1269,1,1,32,8,371,5,14,30.0
1270,1,4,20,20,193,5,19,33.0
1271,0,1,1,15,295,5,11,30.0
1272,1,1,1,15,295,5,14,28.0
1273,0,1,4,24,203,5,6,25.0
1274,0,1,14,24,203,5,13,30.0
1275,1,1,5,8,56,5,10,29.0
1276,1,1,31,8,391,5,14,29.0
1277,0,3,24,26,142,20,11,29.0
1278,0,1,26,6,178,5,3,30.0
1279,0,1,14,24,225,5,7,29.0
1280,0,1,14,24,454,5,13,28.0
1281,0,4,29,20,198,5,9,31.0
1282,0,1,9,20,432,3,11,36.0
1283,0,1,39,23,430,5,0,28.0
1284,0,1,14,8,295,5,10,31.0
1285,0,1,32,8,124,5,12,28.0
1286,0,2,34,6,344,5,9,34.0
1287,1,1,27,6,6,5,12,34.0
1288,0,1,14,6,382,19,7,28.0
1289,0,4,16,20,178,5,10,31.0
1290,0,1,33,8,178,5,11,31.0
1291,1,1,2,1,203,5,14,27.0
1292,1,0,30,15,295,5,13,33.0
1293,0,1,14,15,317,5,0,30.0
1294,1,1,21,8,344,5,14,33.0
1295,1,1,6,2,47,5,12,28.0
1296,0,1,10,15,295,5,8,32.0
1297,1,1,11,22,75,5,12,29.0
1298,0,1,7,2,244,5,11,27.0
1299,0,1,0,16,295,5,9,30.0
1300,0,1,0,20,327,5,13,29.0
1301,0,1,37,6,381,19,6,30.0
1302,0,1,22,9,344,5,7,29.0
1303,0,1,39,23,270,5,12,28.0
1304,0,1,7,2,244,5,10,28.0
1305,0,1,32,8,282,5,11,30.0
1306,1,1,39,23,249,5,16,31.0
1307,0,1,11,8,295,5,10,28.0
1308,1,1,18,1,298,5,11,30.0
1309,1,1,21,8,60,5,17,33.0
1310,0,4,20,20,124,5,8,29.0
1311,0,4,16,20,124,5,9,31.0
1312,0,1,3,20,124,5,15,34.0
1313,1,1,14,8,124,5,15,31.0
1314,1,0,13,6,6,5,19,31.0
1315,1,0,13,24,450,5,14,31.0
1316,1,1,39,23,377,5,12,30.0
1317,1,1,6,2,179,5,15,28.0
1318,1,1,14,15,57,5,11,32.0
1319,0,1,0,20,332,5,10,27.0
1320,1,1,0,20,99,5,16,33.0
1321,1,1,10,15,295,5,12,31.0
1322,0,1,25,14,203,5,9,30.0
1323,1,1,17,18,63,5,13,29.0
1324,0,1,19,2,244,5,8,33.0
1325,1,1,40,24,454,5,14,29.0
1326,0,1,2,1,61,19,0,30.0
1327,0,1,10,15,295,5,10,31.0
1328,0,1,15,18,290,5,8,26.0
1329,1,1,21,8,180,5,18,33.0
1330,0,1,1,15,299,5,11,30.0
1331,1,1,38,8,205,5,15,28.0
1332,1,1,26,6,6,5,12,30.0
1333,1,1,2,1,179,5,14,27.0
1334,0,1,14,8,244,5,9,29.0
1335,1,1,15,24,142,20,14,32.0
1336,0,1,14,15,344,5,9,30.0
1337,1,0,23,13,344,5,19,32.0
1338,1,1,0,20,344,5,18,30.0
1339,0,1,1,15,270,5,3,27.0
1340,0,1,15,24,203,5,9,28.0
1341,0,2,34,6,6,5,13,32.0
1342,1,2,34,6,6,5,15,35.0
1343,1,1,8,24,203,5,14,30.0
1344,0,1,3,8,143,6,9,34.0
1345,0,1,3,20,267,5,9,34.0
1346,1,1,10,15,295,5,9,33.0
1347,0,1,17,18,76,5,8,28.0
1348,0,2,34,20,121,0,6,35.0
1349,1,0,30,24,279,5,13,31.0
1350,0,1,35,22,186,5,12,29.0
1351,1,1,21,8,178,5,16,32.0
1352,0,1,15,18,118,5,10,28.0
1353,1,1,5,2,179,5,0,30.0
1354,0,1,11,20,99,5,9,28.0
1355,1,1,11,20,210,5,10,30.0
1356,1,1,26,6,6,5,19,30.0
1357,1,1,18,1,173,5,13,29.0
1358,0,1,22,9,60,5,10,32.0
1359,0,1,33,8,209,5,17,31.0
1360,1,0,23,13,12,7,16,30.0
1361,1,1,9,8,344,5,13,33.0
1362,1,1,19,2,344,5,14,35.0
1363,1,1,28,8,87,5,10,30.0
1364,1,1,18,1,277,5,15,28.0
1365,1,1,31,18,379,5,0,30.0
1366,1,1,26,6,262,21,17,32.0
1367,1,1,14,15,344,5,14,33.0
1368,0,1,2,1,173,5,12,30.0
1369,0,1,5,2,244,5,4,26.0
1370,1,1,0,20,384,5,14,33.0
1371,0,3,24,8,295,5,8,26.0
1372,0,1,36,8,174,5,7,30.0
1373,0,1,37,6,295,5,9,29.0
1374,0,1,8,24,313,5,11,28.0
1375,0,1,19,2,62,5,8,31.0
1376,1,1,6,2,244,5,12,29.0
1377,0,0,30,23,295,5,11,32.0
1378,1,1,14,24,203,5,18,31.0
1379,1,1,7,2,457,21,13,30.0
1380,1,1,27,5,188,21,15,34.0
1381,0,1,39,23,236,8,11,30.0
1382,0,1,33,8,124,5,10,31.0
1383,1,1,22,9,60,5,9,35.0
1384,0,1,14,8,203,5,12,29.0
1385,1,1,27,6,295,5,13,31.0
1386,1,1,7,2,244,5,16,27.0
1387,0,1,6,2,250,5,9,25.0
1388,1,1,18,1,179,5,13,31.0
1389,1,1,35,22,124,5,17,29.0
1390,1,1,9,8,295,5,15,32.0
1391,1,1,8,24,60,5,14,28.0
1392,1,1,39,23,446,5,14,31.0
1393,0,1,0,20,85,3,8,29.0
1394,1,1,25,8,347,5,16,27.0
1395,1,1,9,8,178,5,15,34.0
1396,1,1,22,9,60,5,8,33.0
1397,1,1,25,8,60,5,19,28.0
1398,1,3,24,8,353,5,13,26.0
1399,1,4,21,20,415,3,16,33.0
1400,0,1,14,24,363,5,11,30.0
1401,0,1,5,2,124,5,10,29.0
1402,1,1,38,20,345,5,15,28.0
1403,0,1,17,18,118,5,10,28.0
1404,1,4,21,20,22,5,13,31.0
1405,1,0,13,20,296,13,14,32.0
1406,1,1,39,23,98,5,12,30.0
1407,0,1,18,1,179,5,11,27.0
1408,1,1,14,8,124,5,18,30.0
1409,1,1,36,8,60,5,1,31.0
1410,0,4,16,20,174,5,10,29.0
1411,1,1,3,8,266,5,14,36.0
1412,0,1,19,2,397,5,11,33.0
1413,0,1,22,9,60,5,9,32.0
1414,0,3,24,2,273,5,1,27.0
1415,0,1,37,6,342,5,10,30.0
1416,0,1,40,24,203,5,7,28.0
1417,1,1,14,8,344,5,17,31.0
1418,1,1,39,23,116,5,17,31.0
1419,0,4,16,20,60,5,8,31.0
1420,0,1,15,18,411,5,0,27.0
1421,0,1,12,25,278,5,13,30.0
1422,1,1,37,6,315,19,15,33.0
1423,0,1,35,22,205,5,13,27.0
1424,1,1,0,20,53,5,13,33.0
1425,0,4,29,20,310,5,14,32.0
1426,0,0,30,23,60,5,7,31.0
1427,0,4,20,20,208,5,11,31.0
1428,0,1,32,8,124,5,10,28.0
1429,1,1,10,15,156,19,18,30.0
1430,0,1,40,24,453,5,9,27.0
1431,1,1,10,15,295,5,11,33.0
1432,0,0,23,13,163,19,9,29.0
1433,1,1,14,15,295,5,11,33.0
1434,1,1,19,2,318,5,11,35.0
1435,0,4,20,20,264,21,13,28.0
1436,1,1,7,2,244,5,14,28.0
1437,1,1,14,2,120,5,14,32.0
1438,0,1,10,15,60,5,7,30.0
1439,1,4,21,20,99,5,16,30.0
1440,0,1,8,24,103,5,14,26.0
1441,1,3,24,8,449,5,15,29.0
1442,1,1,19,2,124,5,14,32.0
1443,1,1,18,1,173,5,18,30.0
1444,0,1,14,6,441,5,13,29.0
1445,0,1,9,8,142,20,8,34.0
1446,0,1,26,6,295,5,9,28.0
1447,0,1,35,8,45,5,12,27.0
1448,0,1,22,9,60,5,9,30.0
1449,0,1,38,8,203,5,5,29.0
1450,0,1,14,16,244,5,10,31.0
1451,0,1,3,8,124,5,10,34.0
1452,0,2,34,8,315,19,11,32.0
1453,0,1,18,1,179,5,7,30.0
1454,1,1,0,20,189,5,11,32.0
1455,1,1,5,2,201,5,19,30.0
1456,1,2,34,16,60,5,18,34.0
1457,1,1,10,15,295,5,13,32.0
1458,0,4,16,20,267,5,9,31.0
1459,1,1,14,15,295,5,15,31.0
1460,1,1,9,8,288,3,13,35.0
1461,0,1,26,6,307,5,7,29.0
1462,0,1,14,8,133,5,11,28.0
1463,0,1,14,15,295,5,11,29.0
1464,1,1,21,8,318,5,13,30.0
1465,0,1,11,12,324,16,14,30.0
1466,0,1,12,25,295,5,9,30.0
1467,0,1,39,23,340,5,26,30.0
1468,0,1,33,8,124,5,7,34.0
1469,1,1,10,11,344,5,15,31.0
1470,1,1,7,18,335,5,18,28.0
1471,0,4,29,20,22,5,7,30.0
1472,0,1,17,18,344,5,8,27.0
1473,0,1,0,20,327,5,7,30.0
1474,0,1,3,8,124,5,10,33.0
1475,0,1,6,2,29,5,12,26.0
1476,0,2,34,16,315,19,14,32.0
1477,0,1,38,8,224,5,7,27.0
1478,1,1,33,9,60,5,10,34.0
1479,0,1,2,14,139,5,0,30.0
1480,0,1,14,8,75,5,10,30.0
1481,1,0,23,13,13,7,14,31.0
1482,1,1,4,24,203,5,18,29.0
1483,1,1,9,8,124,5,12,33.0
1484,1,1,1,15,295,5,13,30.0
1485,1,1,38,7,77,5,15,29.0
1486,1,1,22,9,233,5,13,33.0
1487,1,1,17,18,246,5,10,28.0
1488,1,1,14,24,453,5,15,32.0
1489,1,3,24,2,131,2,19,27.0
1490,1,1,31,8,75,5,15,29.0
1491,0,1,10,15,295,5,7,32.0
1492,1,1,0,20,345,5,19,30.0
1493,1,1,0,20,294,5,13,30.0
1494,0,1,32,8,99,5,12,27.0
1495,0,1,21,8,295,5,11,29.0
1496,0,0,30,23,103,5,9,30.0
1497,0,1,38,8,124,5,12,28.0
1498,1,1,38,9,394,5,13,28.0
1499,1,1,14,8,189,5,11,33.0
1500,1,1,6,2,287,5,7,30.0
1501,1,1,14,8,124,5,15,30.0
1502,1,1,27,6,444,5,11,31.0
1503,1,1,14,15,111,19,15,33.0
1504,1,1,14,2,315,19,17,32.0
1505,0,1,14,15,344,5,10,30.0
1506,0,4,20,20,332,5,0,31.0
1507,1,4,29,20,332,5,17,31.0
1508,0,1,6,2,456,5,12,26.0
1509,1,1,28,8,105,5,12,31.0
1510,1,4,21,20,99,5,16,33.0
1511,1,1,19,2,244,5,13,34.0
1512,0,1,12,2,287,5,8,31.0
1513,0,1,35,22,295,5,12,28.0
1514,1,1,4,8,16,5,16,28.0
1515,1,1,14,6,413,5,17,30.0
1516,0,1,11,6,295,5,15,30.0
1517,0,1,40,24,303,5,12,27.0
1518,1,0,30,23,295,5,11,32.0
1519,1,1,37,6,295,5,14,33.0
1520,1,0,30,5,411,5,11,30.0
1521,0,1,33,8,295,5,12,34.0
1522,1,1,5,2,244,5,13,29.0
1523,1,1,2,1,395,5,14,30.0
1524,1,1,40,24,149,5,11,31.0
1525,0,1,1,20,177,5,17,30.0
1526,0,1,6,2,76,5,0,26.0
1527,0,1,39,23,103,5,8,29.0
1528,1,1,6,2,147,5,15,30.0
1529,1,1,3,8,284,5,13,34.0
1530,1,1,36,20,32,11,14,29.0
1531,0,1,25,2,362,5,13,27.0
1532,1,0,23,13,142,20,7,33.0
1533,1,1,39,23,377,5,13,30.0
1534,0,1,14,8,326,5,11,29.0
1535,1,1,36,8,266,5,12,31.0
1536,0,1,5,2,456,5,16,28.0
1537,1,4,16,20,48,5,17,30.0
1538,1,1,21,8,60,5,18,31.0
1539,0,1,22,9,60,5,12,29.0
1540,0,1,2,1,124,5,1,27.0
1541,0,1,14,2,244,5,11,29.0
1542,1,1,15,24,203,5,11,29.0
1543,1,1,33,9,60,5,14,35.0
1544,0,1,9,8,244,5,8,36.0
1545,1,1,8,24,313,5,15,31.0
1546,1,1,32,8,189,5,18,31.0
1547,0,1,27,6,194,19,14,28.0
1548,1,1,6,2,109,5,10,28.0
1549,1,1,38,8,79,5,14,31.0
1550,0,1,0,16,29,5,9,30.0
1551,0,1,28,8,89,5,9,30.0
1552,1,1,1,15,271,5,15,28.0
1553,1,4,16,5,457,21,17,30.0
1554,0,1,28,8,178,5,8,28.0
1555,1,1,14,8,128,5,10,31.0
1556,1,1,40,24,60,5,16,28.0
1557,1,1,0,20,355,5,17,30.0
1558,0,1,14,8,318,5,11,29.0
1559,1,1,32,8,169,5,17,29.0
1560,0,1,7,2,43,5,12,26.0
1561,1,4,16,20,32,11,22,30.0
1562,0,0,30,13,427,5,9,32.0
1563,0,1,18,1,179,5,0,28.0
1564,1,0,13,5,285,0,20,30.0
1565,0,1,27,6,207,19,8,28.0
1566,0,1,11,8,124,5,10,29.0
1567,0,1,22,9,226,5,7,31.0
1568,1,1,9,8,398,17,14,32.0
1569,0,1,14,2,244,5,10,29.0
1570,0,3,24,26,337,5,10,29.0
1571,1,1,37,6,344,5,14,32.0
1572,1,1,36,15,307,5,14,31.0
1573,0,1,2,1,68,5,5,28.0
1574,1,1,40,24,203,5,13,31.0
1575,1,1,32,8,79,5,12,32.0
1576,0,1,32,8,459,5,10,28.0
1577,0,1,38,8,267,5,6,29.0
1578,1,1,12,9,233,5,14,28.0
1579,1,1,39,23,340,5,15,30.0
1580,0,1,9,8,418,15,13,35.0
1581,0,1,14,8,60,5,14,29.0
1582,0,1,4,18,76,5,4,25.0
1583,0,1,28,8,230,5,6,27.0
1584,1,4,21,20,323,12,14,33.0
1585,1,4,29,20,267,5,12,32.0
1586,1,1,9,8,124,5,15,32.0
1587,0,1,18,1,295,5,3,27.0
1588,0,1,1,8,78,5,0,29.0
1589,1,0,13,13,408,4,15,33.0
1590,0,1,36,8,230,5,10,29.0
1591,1,1,14,2,244,5,11,33.0
1592,1,1,33,8,266,5,12,33.0
1593,0,1,18,1,179,5,14,27.0
1594,0,1,10,11,195,5,26,30.0
1595,0,1,0,16,295,5,10,28.0
1596,0,1,33,8,114,19,7,34.0
1597,0,1,10,15,295,5,9,31.0
1598,1,1,4,24,60,5,15,31.0
1599,0,1,22,15,402,5,7,32.0
1600,0,1,10,15,295,5,0,30.0
1601,1,1,15,24,274,5,12,31.0
1602,1,1,31,8,159,5,15,30.0
1603,0,1,14,15,344,5,9,31.0
1604,1,1,38,8,172,5,16,31.0
1605,0,1,39,23,237,8,8,30.0
1606,0,3,24,2,348,5,12,29.0
1607,0,1,17,18,76,5,9,29.0
1608,0,0,13,24,203,5,12,29.0
1609,0,0,23,13,60,5,10,30.0
1610,1,1,7,8,272,5,13,27.0
1611,1,1,22,9,60,5,11,32.0
1612,1,1,35,22,295,5,14,27.0
1613,1,1,15,24,417,5,13,29.0
1614,1,1,31,8,60,5,17,29.0
1615,0,1,14,15,364,5,11,30.0
1616,0,1,14,24,452,5,7,30.0
1617,0,1,8,24,60,5,9,26.0
1618,1,1,7,18,203,5,13,28.0
1619,0,1,10,15,295,5,8,30.0
1620,0,1,22,9,57,5,11,32.0
1621,1,1,26,6,6,5,10,31.0
1622,1,1,32,8,403,5,15,29.0
1623,1,1,8,24,115,21,20,29.0
1624,0,1,31,8,205,5,7,26.0
1625,1,1,14,2,244,5,16,32.0
1626,0,1,1,0,56,5,2,27.0
1627,1,0,23,13,217,19,15,32.0
1628,1,0,23,5,264,21,14,32.0
1629,0,1,36,8,266,5,9,27.0
1630,1,4,29,20,124,5,19,30.0
1631,0,1,5,2,244,5,11,29.0
1632,1,1,2,1,395,5,0,28.0
1633,0,1,19,2,124,5,12,34.0
1634,0,1,11,20,344,5,14,31.0
1635,1,1,14,2,326,5,14,32.0
1636,1,1,14,6,413,5,20,32.0
1637,1,4,16,20,99,5,16,32.0
1638,0,1,8,24,60,5,4,29.0
1639,1,1,9,8,388,19,14,35.0
1640,1,1,37,6,160,19,15,31.0
1641,1,4,21,20,208,5,17,33.0
1642,1,1,22,24,360,5,12,32.0
1643,0,1,14,2,244,5,12,29.0
1644,0,3,24,5,145,18,7,28.0
1645,1,1,18,1,179,5,13,28.0
1646,0,1,35,22,295,5,12,28.0
1647,0,4,16,20,124,5,12,31.0
1648,1,1,5,2,273,5,0,30.0
1649,0,1,22,15,344,5,9,29.0
1650,0,1,17,18,137,5,10,27.0
1651,1,1,27,6,387,19,18,33.0
1652,1,1,14,24,59,19,18,30.0
1653,0,1,33,9,295,5,9,31.0
1654,1,1,14,15,295,5,19,32.0
1655,0,1,8,24,20,5,11,29.0
1656,1,1,3,8,293,5,14,34.0
1657,1,1,31,8,215,5,13,30.0
1658,0,1,18,1,271,5,15,30.0
1659,1,1,38,8,124,5,13,31.0
1660,1,1,2,1,222,5,14,29.0
1661,1,1,32,8,416,0,18,32.0
1662,1,3,24,1,295,5,15,26.0
1663,1,1,19,2,295,5,15,34.0
1664,1,1,14,2,344,5,14,30.0
1665,1,1,10,15,295,5,14,30.0
1666,1,1,7,2,110,5,0,29.0
1667,1,1,1,15,344,5,13,29.0
1668,1,1,4,15,54,19,18,28.0
1669,0,1,17,18,39,5,9,26.0
1670,0,1,35,22,124,5,10,28.0
1671,0,4,29,20,198,5,12,32.0
1672,1,1,27,6,23,5,12,32.0
1673,1,1,15,18,39,5,14,31.0
1674,1,1,21,8,295,5,17,30.0
1675,0,1,36,8,438,5,7,27.0
1676,1,4,16,20,212,5,15,31.0
1677,1,1,14,15,295,5,13,32.0
1678,1,1,7,2,17,5,15,29.0
1679,0,1,3,8,124,5,8,34.0
1680,1,2,34,16,344,5,13,35.0
1681,1,1,4,24,388,19,17,31.0
1682,0,1,6,2,176,5,1,26.0
1683,0,0,23,13,315,19,11,32.0
1684,1,1,8,24,356,5,12,30.0
1685,0,1,26,6,209,5,14,27.0
1686,0,1,21,8,124,5,8,30.0
1687,1,4,20,20,22,5,15,32.0
1688,1,4,29,20,267,5,14,30.0
1689,1,3,24,26,0,20,13,28.0
1690,0,1,22,15,402,5,10,30.0
1691,0,1,8,8,78,5,0,26.0
1692,1,1,21,8,319,19,14,31.0
1693,1,1,9,8,186,5,15,32.0
1694,1,1,14,15,344,5,17,33.0
1695,0,1,36,8,266,5,9,30.0
1696,0,1,28,8,284,5,7,30.0
1697,0,1,1,2,46,5,18,29.0
1698,1,1,3,8,294,5,14,33.0
1699,0,1,14,8,146,5,11,28.0
1700,1,2,34,6,413,5,12,34.0
1701,0,1,2,1,179,5,10,28.0
1702,1,1,14,2,131,2,11,30.0
1703,1,1,12,25,435,5,10,31.0
1704,0,1,14,2,244,5,15,29.0
1705,1,1,14,2,344,5,19,30.0
1706,1,1,25,8,448,5,15,27.0
1707,1,1,10,15,295,5,11,30.0
1708,0,4,29,20,267,5,17,30.0
1709,1,4,21,20,267,5,12,31.0
1710,1,1,38,8,329,5,16,28.0
1711,0,1,19,2,244,5,10,33.0
1712,1,0,30,23,103,5,16,32.0
1713,0,1,15,18,219,5,10,27.0
1714,1,1,3,8,124,5,13,34.0
1715,0,1,37,6,295,5,9,28.0
1716,0,2,34,8,124,5,11,35.0
1717,0,1,40,24,203,5,9,29.0
1718,1,1,22,9,60,5,13,33.0
1719,1,1,22,9,243,5,12,33.0
1720,1,1,4,24,228,5,11,30.0
1721,0,1,27,6,406,19,14,30.0
1722,1,1,36,8,142,20,16,30.0
1723,1,1,25,9,122,5,16,28.0
1724,1,1,14,15,344,5,15,32.0
1725,0,1,31,8,132,5,12,28.0
1726,0,1,9,8,124,5,8,36.0
1727,0,1,14,24,454,5,11,31.0
1728,0,1,6,2,244,5,8,26.0
1729,1,4,20,20,178,5,19,30.0
1730,1,1,39,23,103,5,10,31.0
1731,1,1,19,2,201,5,14,32.0
1732,0,1,8,24,60,5,12,26.0
1733,0,0,30,23,60,5,12,30.0
1734,1,1,14,15,295,5,17,31.0
1735,0,1,14,8,259,5,15,30.0
1736,0,4,21,20,344,5,8,29.0
1737,1,1,4,24,60,5,14,28.0
1738,0,1,14,9,64,4,7,28.0
1739,1,1,6,2,60,5,12,27.0
1740,0,4,21,20,124,5,12,32.0
1741,0,1,25,5,375,5,7,28.0
1742,0,1,37,6,213,5,16,29.0
1743,0,1,36,8,266,5,13,30.0
1744,1,1,8,24,344,5,14,28.0
1745,1,0,23,13,60,5,13,33.0
1746,1,1,35,22,304,5,13,29.0
1747,0,0,30,8,124,5,15,32.0
1748,0,1,14,23,60,5,26,29.0
1749,1,0,13,5,60,5,15,30.0
1750,1,1,2,1,139,5,13,29.0
1751,0,1,17,18,76,5,8,29.0
1752,0,1,14,15,295,5,7,28.0
1753,1,1,10,15,295,5,12,33.0
1754,0,0,23,13,94,0,7,29.0
1755,1,1,11,22,353,5,19,27.0
1756,1,1,35,22,440,5,14,30.0
1757,1,0,30,8,295,5,13,30.0
1758,0,1,40,24,301,5,7,26.0
1759,0,1,22,9,60,5,9,31.0
1760,0,1,14,15,57,5,6,28.0
1761,1,1,11,8,437,5,14,28.0
1762,0,1,3,8,285,0,10,34.0
1763,1,4,29,20,267,5,14,29.0
1764,0,1,37,6,217,19,10,29.0
1765,0,1,4,24,452,5,11,27.0
1766,0,1,9,8,124,5,13,34.0
1767,1,1,6,2,29,5,13,28.0
1768,0,1,39,23,377,5,14,29.0
1769,0,1,5,2,209,5,0,28.0
1770,0,1,14,15,243,5,7,28.0
1771,1,1,14,24,227,5,18,32.0
1772,0,1,39,23,377,5,9,28.0
1773,0,0,13,15,344,5,10,31.0
1774,1,1,14,15,344,5,15,31.0
1775,0,1,14,15,119,19,9,29.0
1776,1,4,20,20,124,5,19,30.0
1777,1,4,29,20,384,5,16,31.0
1778,1,1,28,8,318,5,9,30.0
1779,1,1,36,8,75,5,19,28.0
1780,1,1,26,6,441,5,12,29.0
1781,0,1,14,15,439,5,7,28.0
1782,0,1,14,6,32,11,13,31.0
1783,1,1,0,16,68,5,14,32.0
1784,1,1,27,6,413,5,15,31.0
1785,0,1,1,15,295,5,6,28.0
1786,0,1,0,20,332,5,7,29.0
1787,0,1,6,2,398,17,10,25.0
1788,0,4,29,20,267,5,10,30.0
1789,0,1,14,15,344,5,9,31.0
1790,1,1,17,1,141,5,17,28.0
1791,0,1,1,15,295,5,10,28.0
1792,0,1,12,25,278,5,7,30.0
1793,0,1,7,2,178,5,11,27.0
1794,1,1,6,1,30,5,10,27.0
1795,0,1,36,8,318,5,10,28.0
1796,1,1,25,6,416,0,14,27.0
1797,1,2,34,16,295,5,10,32.0
1798,1,4,29,20,345,5,18,29.0
1799,1,1,9,20,99,5,16,33.0
1800,1,1,12,9,60,5,17,29.0
1801,1,1,14,6,6,5,17,31.0
1802,1,1,22,9,394,5,15,33.0
1803,1,1,4,24,203,5,13,30.0
1804,0,1,14,6,357,5,0,28.0
1805,0,1,14,24,369,19,10,29.0
1806,0,1,17,18,118,5,11,26.0
1807,0,1,15,18,244,5,11,26.0
1808,0,1,12,9,60,5,11,32.0
1809,1,1,9,8,343,19,16,34.0
1810,1,1,9,8,123,5,18,32.0
1811,1,1,6,2,287,5,15,27.0
1812,1,1,25,8,41,5,11,28.0
1813,0,1,10,15,295,5,10,30.0
1814,0,1,27,6,441,5,6,28.0
1815,1,4,16,20,22,5,18,33.0
1816,0,1,14,24,60,5,9,30.0
1817,0,1,39,23,451,5,7,27.0
1818,1,1,32,8,124,5,23,29.0
1819,1,0,30,5,447,3,17,32.0
1820,1,1,8,24,103,5,13,29.0
1821,0,1,28,8,89,5,8,29.0
1822,0,1,26,6,6,5,7,29.0
1823,1,1,33,8,60,5,18,33.0
1824,1,1,10,15,351,5,9,30.0
1825,1,1,14,15,320,3,18,33.0
1826,0,1,18,1,222,5,7,27.0
1827,0,0,13,24,225,5,10,32.0
1828,1,1,25,2,273,5,12,27.0
1829,1,1,5,2,244,5,11,27.0
1830,1,1,0,20,384,5,12,30.0
1831,0,1,19,2,397,5,9,31.0
1832,0,1,7,1,88,20,2,29.0
1833,0,1,14,15,385,5,10,28.0
1834,0,1,1,15,295,5,11,30.0
1835,0,1,21,8,244,5,12,31.0
1836,1,1,21,8,315,19,17,32.0
1837,0,1,27,6,416,0,10,29.0
1838,1,1,40,24,405,5,15,28.0
1839,0,1,22,9,60,5,11,31.0
1840,1,1,32,8,178,5,14,31.0
1841,1,0,13,5,291,5,1,32.0
1842,1,1,14,15,60,5,14,30.0
1843,0,1,1,15,351,5,7,30.0
1844,1,1,11,6,309,5,19,30.0
1845,0,1,32,8,60,5,10,28.0
1846,0,0,13,23,60,5,6,31.0
1847,0,1,11,22,154,5,12,30.0
1848,0,1,31,8,230,5,9,28.0
1849,0,1,32,8,124,5,12,29.0
1850,1,0,13,13,247,5,15,32.0
1851,1,1,22,9,60,5,18,35.0
1852,1,4,20,20,241,19,19,31.0
1853,0,4,20,20,445,3,13,28.0
1854,1,1,15,24,74,5,15,31.0
1855,0,0,13,23,338,19,8,31.0
1856,1,1,15,24,203,5,17,31.0
1857,0,1,15,24,301,5,7,26.0
1858,0,1,10,15,295,5,10,31.0
1859,1,1,38,20,178,5,16,29.0
1860,1,1,14,6,315,19,16,32.0
1861,0,1,39,23,103,5,11,28.0
1862,1,1,37,6,343,19,14,32.0
1863,0,1,14,16,60,5,11,31.0
1864,1,1,25,1,179,5,19,27.0
1865,0,1,9,6,295,5,10,34.0
1866,1,1,14,15,60,5,16,30.0
1867,0,1,26,6,166,5,5,30.0
1868,1,1,14,24,203,5,17,32.0
1869,1,1,2,1,30,5,18,28.0
1870,0,1,22,9,226,5,12,32.0
1871,0,1,6,2,244,5,8,28.0
1872,0,1,14,15,60,5,19,29.0
1873,0,1,9,8,124,5,12,36.0
1874,0,1,32,20,99,5,10,28.0
1875,0,1,31,4,80,5,9,28.0
1876,0,1,0,20,412,19,10,29.0
1877,1,1,26,6,6,5,11,32.0
1878,1,0,13,24,203,5,14,31.0
1879,0,1,19,2,244,5,11,31.0
1880,0,1,1,15,295,5,8,30.0
1881,0,1,32,8,284,5,7,27.0
1882,1,1,40,24,110,5,9,28.0
1883,0,1,14,3,400,5,13,31.0
1884,0,1,37,6,353,5,10,31.0
1885,0,1,19,2,244,5,7,33.0
1886,1,1,15,8,208,5,0,29.0
1887,1,1,28,8,105,5,16,30.0
1888,0,1,14,8,178,5,12,30.0
1889,0,1,5,2,60,5,12,26.0
1890,0,1,7,2,244,5,7,27.0
1891,1,1,37,6,6,5,13,30.0
1892,1,1,40,24,203,5,11,29.0
1893,0,1,36,8,124,5,11,30.0
1894,1,1,31,8,132,5,13,30.0
1895,1,1,14,24,203,5,7,32.0
1896,0,2,34,8,205,5,8,32.0
1897,0,1,3,8,142,20,10,33.0
1898,0,1,9,8,178,5,10,36.0
1899,0,1,37,6,107,19,13,31.0
1900,1,1,14,15,344,5,14,30.0
1901,1,1,19,2,124,5,10,33.0
1902,1,1,14,15,364,5,11,33.0
1903,0,0,23,13,381,19,11,30.0
1904,1,1,3,8,155,5,15,36.0
1905,1,3,24,8,266,5,13,29.0
1906,0,1,33,8,60,5,7,31.0
1907,0,1,21,8,295,5,10,32.0
1908,0,1,5,8,229,5,6,27.0
1909,0,4,20,20,203,5,10,30.0
1910,1,1,14,8,5,5,16,31.0
1911,0,1,38,8,65,5,9,27.0
1912,1,4,16,20,295,5,19,30.0
1913,0,1,8,24,117,5,13,26.0
1914,0,1,14,24,373,10,10,31.0
1915,1,1,21,15,233,5,9,31.0
1916,1,1,14,2,4,5,11,32.0
1917,0,1,6,2,51,2,3,26.0
1918,1,3,24,10,254,5,0,26.0
1919,1,1,4,24,60,5,18,28.0
1920,0,1,3,8,381,19,12,34.0
1921,0,0,30,11,295,5,14,32.0
1922,1,1,1,15,351,5,16,30.0
1923,0,1,14,2,315,19,12,31.0
1924,1,1,38,8,290,5,15,29.0
1925,1,4,20,20,432,3,15,30.0
1926,0,4,29,20,345,5,10,31.0
1927,1,1,21,18,295,5,18,30.0
1928,0,1,36,8,5,5,10,27.0
1929,1,1,36,8,325,3,18,31.0
1930,0,1,7,2,60,5,10,28.0
1931,0,0,23,13,344,5,9,32.0
